{"cameraMode":{"drawMode":0,"name":"Shaded","section":"Shading Mode"},"sceneLighting":true,"audioPlay":false,"sceneViewState":{"showFog":true,"showMaterialUpdate":false,"showSkybox":true,"showFlares":true,"showImageEffects":true,"showParticleSystems":true},"in2DMode":false,"pivot":{"x":1.02880859375,"y":17.939727783203126,"z":-4.6015625},"rotation":{"x":-0.051653653383255008,"y":-0.47631996870040896,"z":0.028044650331139566,"w":-0.8773053884506226},"size":35.89952850341797,"orthographic":true}