{"cameraMode":{"drawMode":0,"name":"Shaded","section":"Shading Mode"},"sceneLighting":false,"audioPlay":false,"sceneViewState":{"showFog":true,"showMaterialUpdate":false,"showSkybox":true,"showFlares":true,"showImageEffects":true,"showParticleSystems":true},"in2DMode":false,"pivot":{"x":-11.364019393920899,"y":17.013717651367189,"z":4.227572441101074},"rotation":{"x":0.46345648169517519,"y":0.15792158246040345,"z":0.08433496952056885,"w":-0.867845892906189},"size":17.30405044555664,"orthographic":false}