{"cameraMode":{"drawMode":0,"name":"Shaded","section":"Shading Mode"},"sceneLighting":false,"audioPlay":false,"sceneViewState":{"showFog":true,"showMaterialUpdate":false,"showSkybox":true,"showFlares":true,"showImageEffects":true,"showParticleSystems":true},"in2DMode":false,"pivot":{"x":-3.488800048828125,"y":-1.378988265991211,"z":5.902000427246094},"rotation":{"x":-0.10719747841358185,"y":0.8888342976570129,"z":-0.35636433959007265,"w":-0.26737019419670107},"size":161.4401092529297,"orthographic":false}