{"cameraMode":{"drawMode":0,"name":"Shaded","section":"Shading Mode"},"sceneLighting":false,"audioPlay":false,"sceneViewState":{"showFog":true,"showMaterialUpdate":false,"showSkybox":true,"showFlares":true,"showImageEffects":true,"showParticleSystems":true},"in2DMode":false,"pivot":{"x":2.788564920425415,"y":-4.425565242767334,"z":-4.1606035232543949},"rotation":{"x":-0.2656520903110504,"y":0.08662237226963043,"z":-0.023973478004336358,"w":-0.9598702192306519},"size":0.5505647659301758,"orthographic":false}