{"cameraMode":{"drawMode":0,"name":"Shaded","section":"Shading Mode"},"sceneLighting":false,"audioPlay":false,"sceneViewState":{"showFog":true,"showMaterialUpdate":false,"showSkybox":true,"showFlares":true,"showImageEffects":true,"showParticleSystems":true},"in2DMode":false,"pivot":{"x":0.18997573852539063,"y":-0.7877616882324219,"z":-0.29607391357421877},"rotation":{"x":-0.10719747841358185,"y":0.8888342976570129,"z":-0.35636433959007265,"w":-0.26737019419670107},"size":154.9742431640625,"orthographic":false}