{"cameraMode":{"drawMode":0,"name":"Shaded","section":"Shading Mode"},"sceneLighting":true,"audioPlay":false,"sceneViewState":{"showFog":true,"showMaterialUpdate":false,"showSkybox":true,"showFlares":true,"showImageEffects":true,"showParticleSystems":true},"in2DMode":false,"pivot":{"x":0.0,"y":0.1217726320028305,"z":0.09000015258789063},"rotation":{"x":-0.09630870819091797,"y":0.8318739533424377,"z":-0.15266506373882295,"w":-0.5247892141342163},"size":0.8199302554130554,"orthographic":true}