{"cameraMode":{"drawMode":0,"name":"Shaded","section":"Shading Mode"},"sceneLighting":true,"audioPlay":false,"sceneViewState":{"showFog":true,"showMaterialUpdate":false,"showSkybox":true,"showFlares":true,"showImageEffects":true,"showParticleSystems":true},"in2DMode":false,"pivot":{"x":-1.0,"y":0.1399993896484375,"z":10.789999961853028},"rotation":{"x":-0.010408471338450909,"y":-0.13160988688468934,"z":-0.001381962327286601,"w":0.9912460446357727},"size":227.0407257080078,"orthographic":true}