{"cameraMode":{"drawMode":0,"name":"Shaded","section":"Shading Mode"},"sceneLighting":false,"audioPlay":false,"sceneViewState":{"showFog":true,"showMaterialUpdate":false,"showSkybox":true,"showFlares":true,"showImageEffects":true,"showParticleSystems":true},"in2DMode":false,"pivot":{"x":4.131599426269531,"y":12.912948608398438,"z":-20.564998626708986},"rotation":{"x":-0.10719747841358185,"y":0.8888342976570129,"z":-0.35636433959007265,"w":-0.26737019419670107},"size":307.24603271484377,"orthographic":false}