{"cameraMode":{"drawMode":0,"name":"Shaded","section":"Shading Mode"},"sceneLighting":true,"audioPlay":false,"sceneViewState":{"showFog":true,"showMaterialUpdate":false,"showSkybox":true,"showFlares":true,"showImageEffects":true,"showParticleSystems":true},"in2DMode":false,"pivot":{"x":-22.019611358642579,"y":-8.530430793762207,"z":5.243736743927002},"rotation":{"x":0.01349883247166872,"y":0.01049905177205801,"z":-0.00014174381794873625,"w":0.9998538494110107},"size":87.75945281982422,"orthographic":true}