{"cameraMode":{"drawMode":0,"name":"Shaded","section":"Shading Mode"},"sceneLighting":false,"audioPlay":false,"sceneViewState":{"showFog":true,"showMaterialUpdate":false,"showSkybox":true,"showFlares":true,"showImageEffects":true,"showParticleSystems":true},"in2DMode":false,"pivot":{"x":4.426139831542969,"y":-1.9082489013671876,"z":0.6067619323730469},"rotation":{"x":-0.10719747841358185,"y":0.8888342976570129,"z":-0.35636433959007265,"w":-0.26737019419670107},"size":177.5655059814453,"orthographic":false}