{"cameraMode":{"drawMode":0,"name":"Shaded","section":"Shading Mode"},"sceneLighting":false,"audioPlay":false,"sceneViewState":{"showFog":true,"showMaterialUpdate":false,"showSkybox":true,"showFlares":true,"showImageEffects":true,"showParticleSystems":true},"in2DMode":false,"pivot":{"x":2.537581443786621,"y":0.537680983543396,"z":-0.2903938293457031},"rotation":{"x":0.00022422410256695002,"y":-0.6498579382896423,"z":0.7600557208061218,"w":0.00019253857317380607},"size":0.9184769988059998,"orthographic":true}