{"cameraMode":{"drawMode":0,"name":"Shaded","section":"Shading Mode"},"sceneLighting":false,"audioPlay":false,"sceneViewState":{"showFog":true,"showMaterialUpdate":false,"showSkybox":true,"showFlares":true,"showImageEffects":true,"showParticleSystems":true},"in2DMode":false,"pivot":{"x":2.537581443786621,"y":0.537680983543396,"z":-0.2903938293457031},"rotation":{"x":0.0033514017704874279,"y":-0.9963748455047607,"z":0.04726139083504677,"w":0.07065682858228684},"size":0.9184769988059998,"orthographic":true}