{"cameraMode":{"drawMode":0,"name":"Shaded","section":"Shading Mode"},"sceneLighting":false,"audioPlay":false,"sceneViewState":{"showFog":true,"showMaterialUpdate":false,"showSkybox":true,"showFlares":true,"showImageEffects":true,"showParticleSystems":true},"in2DMode":false,"pivot":{"x":-23.17945098876953,"y":35.41838836669922,"z":-8.859737396240235},"rotation":{"x":-0.10719747841358185,"y":0.8888342976570129,"z":-0.35636433959007265,"w":-0.26737019419670107},"size":229.61322021484376,"orthographic":false}